METHOD;URL;TIME[MS];HTTP STATUS;RESPONSE SIZE;ERROR
PUT;http://localhost:8080/api1/user/register;24428;201;367;
PUT;http://localhost:8080/api1/user/register;24506;201;367;
PUT;http://localhost:8080/api1/user/register;24507;201;367;
PUT;http://localhost:8080/api1/user/register;24509;201;367;
PUT;http://localhost:8080/api1/user/register;24508;201;367;
PUT;http://localhost:8080/api1/user/register;24510;201;367;
PUT;http://localhost:8080/api1/user/register;24510;201;367;
PUT;http://localhost:8080/api1/user/register;24527;201;367;
PUT;http://localhost:8080/api1/user/register;24530;201;367;
PUT;http://localhost:8080/api1/user/register;24529;201;367;
PUT;http://localhost:8080/api1/user/register;24530;201;367;
PUT;http://localhost:8080/api1/user/register;24532;201;367;
PUT;http://localhost:8080/api1/user/register;24533;201;367;
PUT;http://localhost:8080/api1/user/register;24719;201;367;
PUT;http://localhost:8080/api1/user/register;24719;201;367;
PUT;http://localhost:8080/api1/user/register;24720;201;367;
PUT;http://localhost:8080/api1/user/register;24722;201;367;
PUT;http://localhost:8080/api1/user/register;24723;201;367;
PUT;http://localhost:8080/api1/user/register;24725;201;367;
PUT;http://localhost:8080/api1/user/register;24822;201;367;
PUT;http://localhost:8080/api1/user/register;24823;201;367;
PUT;http://localhost:8080/api1/user/register;24825;201;367;
PUT;http://localhost:8080/api1/user/register;24825;201;367;
PUT;http://localhost:8080/api1/user/register;24826;201;367;
PUT;http://localhost:8080/api1/user/register;24828;201;367;
PUT;http://localhost:8080/api1/user/register;24828;201;367;
PUT;http://localhost:8080/api1/user/register;24945;201;367;
PUT;http://localhost:8080/api1/user/register;25049;201;367;
PUT;http://localhost:8080/api1/user/register;25050;201;367;
PUT;http://localhost:8080/api1/user/register;25051;201;367;
PUT;http://localhost:8080/api1/user/register;25052;201;367;
PUT;http://localhost:8080/api1/user/register;25053;201;367;
PUT;http://localhost:8080/api1/user/register;25062;201;366;
PUT;http://localhost:8080/api1/user/register;25154;201;367;
PUT;http://localhost:8080/api1/user/register;25154;201;367;
PUT;http://localhost:8080/api1/user/register;25212;201;367;
PUT;http://localhost:8080/api1/user/register;25213;201;367;
PUT;http://localhost:8080/api1/user/register;25215;201;367;
PUT;http://localhost:8080/api1/user/register;25215;201;367;
PUT;http://localhost:8080/api1/user/register;25216;201;366;
PUT;http://localhost:8080/api1/user/register;25298;201;367;
PUT;http://localhost:8080/api1/user/register;25299;201;367;
PUT;http://localhost:8080/api1/user/register;25357;201;367;
PUT;http://localhost:8080/api1/user/register;25359;201;367;
PUT;http://localhost:8080/api1/user/register;25360;201;367;
PUT;http://localhost:8080/api1/user/register;25360;201;367;
PUT;http://localhost:8080/api1/user/register;25363;201;367;
PUT;http://localhost:8080/api1/user/register;25461;201;367;
PUT;http://localhost:8080/api1/user/register;25462;201;367;
PUT;http://localhost:8080/api1/user/register;25463;201;367;
PUT;http://localhost:8080/api1/user/register;25503;201;367;
PUT;http://localhost:8080/api1/user/register;25503;201;367;
PUT;http://localhost:8080/api1/user/register;25504;201;367;
PUT;http://localhost:8080/api1/user/register;25506;201;367;
PUT;http://localhost:8080/api1/user/register;25508;201;367;
PUT;http://localhost:8080/api1/user/register;25583;201;367;
PUT;http://localhost:8080/api1/user/register;25585;201;367;
PUT;http://localhost:8080/api1/user/register;25585;201;367;
PUT;http://localhost:8080/api1/user/register;25682;201;367;
PUT;http://localhost:8080/api1/user/register;25783;201;367;
PUT;http://localhost:8080/api1/user/register;25786;201;366;
PUT;http://localhost:8080/api1/user/register;25787;201;367;
PUT;http://localhost:8080/api1/user/register;25787;201;367;
PUT;http://localhost:8080/api1/user/register;25788;201;366;
PUT;http://localhost:8080/api1/user/register;25786;201;367;
PUT;http://localhost:8080/api1/user/register;25791;201;367;
PUT;http://localhost:8080/api1/user/register;25908;201;367;
PUT;http://localhost:8080/api1/user/register;25909;201;367;
PUT;http://localhost:8080/api1/user/register;25968;201;367;
PUT;http://localhost:8080/api1/user/register;25970;201;367;
PUT;http://localhost:8080/api1/user/register;25972;201;367;
PUT;http://localhost:8080/api1/user/register;25972;201;367;
PUT;http://localhost:8080/api1/user/register;25972;201;367;
PUT;http://localhost:8080/api1/user/register;25973;201;367;
PUT;http://localhost:8080/api1/user/register;26068;201;367;
PUT;http://localhost:8080/api1/user/register;26068;201;367;
PUT;http://localhost:8080/api1/user/register;26112;201;367;
PUT;http://localhost:8080/api1/user/register;26113;201;367;
PUT;http://localhost:8080/api1/user/register;26114;201;367;
PUT;http://localhost:8080/api1/user/register;26115;201;367;
PUT;http://localhost:8080/api1/user/register;26116;201;367;
PUT;http://localhost:8080/api1/user/register;26116;201;367;
PUT;http://localhost:8080/api1/user/register;26233;201;367;
PUT;http://localhost:8080/api1/user/register;26234;201;367;
PUT;http://localhost:8080/api1/user/register;26235;201;367;
PUT;http://localhost:8080/api1/user/register;26235;201;367;
PUT;http://localhost:8080/api1/user/register;26237;201;367;
PUT;http://localhost:8080/api1/user/register;26237;201;367;
PUT;http://localhost:8080/api1/user/register;26314;201;367;
PUT;http://localhost:8080/api1/user/register;26315;201;367;
PUT;http://localhost:8080/api1/user/register;26315;201;367;
PUT;http://localhost:8080/api1/user/register;26441;201;367;
PUT;http://localhost:8080/api1/user/register;26441;201;367;
PUT;http://localhost:8080/api1/user/register;26442;201;367;
PUT;http://localhost:8080/api1/user/register;26444;201;365;
PUT;http://localhost:8080/api1/user/register;26527;201;367;
PUT;http://localhost:8080/api1/user/register;26529;201;367;
PUT;http://localhost:8080/api1/user/register;26607;201;367;
PUT;http://localhost:8080/api1/user/register;26609;201;367;
PUT;http://localhost:8080/api1/user/register;26609;201;367;
PUT;http://localhost:8080/api1/user/authnormal;20493;201;372;
PUT;http://localhost:8080/api1/user/authnormal;20414;201;372;
PUT;http://localhost:8080/api1/user/authnormal;20412;201;372;
PUT;http://localhost:8080/api1/user/authnormal;20413;201;372;
PUT;http://localhost:8080/api1/user/authnormal;21983;201;372;
PUT;http://localhost:8080/api1/user/authnormal;21983;201;372;
PUT;http://localhost:8080/api1/user/authnormal;21983;201;372;
PUT;http://localhost:8080/api1/user/authnormal;21966;201;372;
PUT;http://localhost:8080/api1/user/authnormal;23545;201;372;
PUT;http://localhost:8080/api1/user/authnormal;23545;201;372;
PUT;http://localhost:8080/api1/user/authnormal;23552;201;372;
PUT;http://localhost:8080/api1/user/authnormal;23552;201;372;
PUT;http://localhost:8080/api1/user/authnormal;23556;201;372;
PUT;http://localhost:8080/api1/user/authnormal;23384;201;372;
PUT;http://localhost:8080/api1/user/authnormal;23386;201;372;
PUT;http://localhost:8080/api1/user/authnormal;24085;201;372;
PUT;http://localhost:8080/api1/user/authnormal;24087;201;372;
PUT;http://localhost:8080/api1/user/authnormal;24188;201;372;
PUT;http://localhost:8080/api1/user/authnormal;24193;201;372;
PUT;http://localhost:8080/api1/user/authnormal;24086;201;372;
PUT;http://localhost:8080/api1/user/authnormal;23970;201;372;
PUT;http://localhost:8080/api1/user/authnormal;24196;201;372;
PUT;http://localhost:8080/api1/user/authnormal;24096;201;372;
PUT;http://localhost:8080/api1/user/authnormal;24196;201;372;
PUT;http://localhost:8080/api1/user/authnormal;24092;201;372;
PUT;http://localhost:8080/api1/user/authnormal;24096;201;372;
PUT;http://localhost:8080/api1/user/authnormal;24129;201;372;
PUT;http://localhost:8080/api1/user/authnormal;23909;201;372;
PUT;http://localhost:8080/api1/user/authnormal;23911;201;372;
PUT;http://localhost:8080/api1/user/authnormal;23911;201;372;
PUT;http://localhost:8080/api1/user/authnormal;23910;201;372;
PUT;http://localhost:8080/api1/user/authnormal;23915;201;372;
PUT;http://localhost:8080/api1/user/authnormal;23821;201;372;
PUT;http://localhost:8080/api1/user/authnormal;23914;201;371;
PUT;http://localhost:8080/api1/user/authnormal;23825;201;372;
PUT;http://localhost:8080/api1/user/authnormal;23768;201;372;
PUT;http://localhost:8080/api1/user/authnormal;23830;201;372;
PUT;http://localhost:8080/api1/user/authnormal;23832;201;372;
PUT;http://localhost:8080/api1/user/authnormal;23831;201;371;
PUT;http://localhost:8080/api1/user/authnormal;23750;201;372;
PUT;http://localhost:8080/api1/user/authnormal;23834;201;372;
PUT;http://localhost:8080/api1/user/authnormal;23751;201;372;
PUT;http://localhost:8080/api1/user/authnormal;23693;201;372;
PUT;http://localhost:8080/api1/user/authnormal;23692;201;372;
PUT;http://localhost:8080/api1/user/authnormal;23876;201;372;
PUT;http://localhost:8080/api1/user/authnormal;23773;201;372;
PUT;http://localhost:8080/api1/user/authnormal;23876;201;372;
PUT;http://localhost:8080/api1/user/authnormal;23876;201;372;
PUT;http://localhost:8080/api1/user/authnormal;23779;201;372;
PUT;http://localhost:8080/api1/user/authnormal;23778;201;372;
PUT;http://localhost:8080/api1/user/authnormal;24023;201;372;
PUT;http://localhost:8080/api1/user/authnormal;24023;201;372;
PUT;http://localhost:8080/api1/user/authnormal;24023;201;372;
PUT;http://localhost:8080/api1/user/authnormal;24022;201;372;
PUT;http://localhost:8080/api1/user/authnormal;24123;201;372;
PUT;http://localhost:8080/api1/user/authnormal;24050;201;372;
PUT;http://localhost:8080/api1/user/authnormal;23951;201;372;
PUT;http://localhost:8080/api1/user/authnormal;24045;201;372;
PUT;http://localhost:8080/api1/user/authnormal;24052;201;372;
PUT;http://localhost:8080/api1/user/authnormal;23907;201;371;
PUT;http://localhost:8080/api1/user/authnormal;23910;201;372;
PUT;http://localhost:8080/api1/user/authnormal;23907;201;372;
PUT;http://localhost:8080/api1/user/authnormal;23902;201;371;
PUT;http://localhost:8080/api1/user/authnormal;23913;201;372;
PUT;http://localhost:8080/api1/user/authnormal;23907;201;372;
PUT;http://localhost:8080/api1/user/authnormal;23909;201;372;
PUT;http://localhost:8080/api1/user/authnormal;23793;201;372;
PUT;http://localhost:8080/api1/user/authnormal;23792;201;372;
PUT;http://localhost:8080/api1/user/authnormal;23951;201;372;
PUT;http://localhost:8080/api1/user/authnormal;23950;201;372;
PUT;http://localhost:8080/api1/user/authnormal;23952;201;372;
PUT;http://localhost:8080/api1/user/authnormal;23949;201;372;
PUT;http://localhost:8080/api1/user/authnormal;23960;201;372;
PUT;http://localhost:8080/api1/user/authnormal;23867;201;372;
PUT;http://localhost:8080/api1/user/authnormal;23868;201;372;
PUT;http://localhost:8080/api1/user/authnormal;23964;201;372;
PUT;http://localhost:8080/api1/user/authnormal;23826;201;372;
PUT;http://localhost:8080/api1/user/authnormal;23827;201;372;
PUT;http://localhost:8080/api1/user/authnormal;23945;201;372;
PUT;http://localhost:8080/api1/user/authnormal;23945;201;372;
PUT;http://localhost:8080/api1/user/authnormal;23944;201;372;
PUT;http://localhost:8080/api1/user/authnormal;23829;201;372;
PUT;http://localhost:8080/api1/user/authnormal;23947;201;372;
PUT;http://localhost:8080/api1/user/authnormal;23829;201;372;
PUT;http://localhost:8080/api1/user/authnormal;23832;201;372;
PUT;http://localhost:8080/api1/user/authnormal;24052;201;372;
PUT;http://localhost:8080/api1/user/authnormal;24051;201;372;
PUT;http://localhost:8080/api1/user/authnormal;24052;201;372;
PUT;http://localhost:8080/api1/user/authnormal;23977;201;372;
PUT;http://localhost:8080/api1/user/authnormal;23977;201;372;
PUT;http://localhost:8080/api1/user/authnormal;24031;201;372;
PUT;http://localhost:8080/api1/user/authnormal;24033;201;372;
PUT;http://localhost:8080/api1/user/authnormal;24026;201;370;
PUT;http://localhost:8080/api1/user/authnormal;24162;201;372;
PUT;http://localhost:8080/api1/user/authnormal;23949;201;372;
PUT;http://localhost:8080/api1/user/authnormal;23952;201;372;
PUT;http://localhost:8080/api1/user/authnormal;24038;201;372;
PUT;http://localhost:8080/api1/user/authnormal;23972;201;372;
PUT;http://localhost:8080/api1/user/authnormal;23972;201;372;
PUT;http://localhost:8080/api1/user/authnormal;24056;201;372;
PUT;http://localhost:8080/api1/healthstate;6873;201;255;
PUT;http://localhost:8080/api1/healthstate;6881;201;254;
PUT;http://localhost:8080/api1/healthstate;6880;201;255;
PUT;http://localhost:8080/api1/healthstate;6882;201;254;
PUT;http://localhost:8080/api1/healthstate;5328;201;254;
PUT;http://localhost:8080/api1/healthstate;5331;201;254;
PUT;http://localhost:8080/api1/healthstate;3741;201;253;
PUT;http://localhost:8080/api1/healthstate;3741;201;256;
PUT;http://localhost:8080/api1/healthstate;3760;201;254;
PUT;http://localhost:8080/api1/healthstate;5354;201;254;
PUT;http://localhost:8080/api1/healthstate;3773;201;255;
PUT;http://localhost:8080/api1/healthstate;3749;201;256;
PUT;http://localhost:8080/api1/healthstate;2945;201;255;
PUT;http://localhost:8080/api1/healthstate;3778;201;254;
PUT;http://localhost:8080/api1/healthstate;2946;201;254;
PUT;http://localhost:8080/api1/healthstate;3755;201;256;
PUT;http://localhost:8080/api1/healthstate;5369;201;256;
PUT;http://localhost:8080/api1/healthstate;3094;201;255;
PUT;http://localhost:8080/api1/healthstate;3105;201;256;
PUT;http://localhost:8080/api1/healthstate;3106;201;253;
PUT;http://localhost:8080/api1/healthstate;3107;201;254;
PUT;http://localhost:8080/api1/healthstate;3109;201;255;
PUT;http://localhost:8080/api1/healthstate;3736;201;254;
PUT;http://localhost:8080/api1/healthstate;3746;201;255;
PUT;http://localhost:8080/api1/healthstate;3746;201;253;
PUT;http://localhost:8080/api1/healthstate;3749;201;254;
PUT;http://localhost:8080/api1/healthstate;3713;201;254;
PUT;http://localhost:8080/api1/healthstate;4454;201;254;
PUT;http://localhost:8080/api1/healthstate;4439;201;255;
PUT;http://localhost:8080/api1/healthstate;4457;201;256;
PUT;http://localhost:8080/api1/healthstate;4446;201;255;
PUT;http://localhost:8080/api1/healthstate;4451;201;255;
PUT;http://localhost:8080/api1/healthstate;4469;201;255;
PUT;http://localhost:8080/api1/healthstate;4454;201;253;
PUT;http://localhost:8080/api1/healthstate;4478;201;254;
PUT;http://localhost:8080/api1/healthstate;4390;201;255;
PUT;http://localhost:8080/api1/healthstate;4455;201;254;
PUT;http://localhost:8080/api1/healthstate;4412;201;254;
PUT;http://localhost:8080/api1/healthstate;4419;201;255;
PUT;http://localhost:8080/api1/healthstate;4416;201;254;
PUT;http://localhost:8080/api1/healthstate;4419;201;255;
PUT;http://localhost:8080/api1/healthstate;4416;201;254;
PUT;http://localhost:8080/api1/healthstate;4419;201;255;
PUT;http://localhost:8080/api1/healthstate;4235;201;254;
PUT;http://localhost:8080/api1/healthstate;4420;201;252;
PUT;http://localhost:8080/api1/healthstate;4238;201;254;
PUT;http://localhost:8080/api1/healthstate;4853;201;254;
PUT;http://localhost:8080/api1/healthstate;4855;201;254;
PUT;http://localhost:8080/api1/healthstate;4855;201;254;
PUT;http://localhost:8080/api1/healthstate;4575;201;253;
PUT;http://localhost:8080/api1/healthstate;4580;201;255;
PUT;http://localhost:8080/api1/healthstate;4580;201;254;
PUT;http://localhost:8080/api1/healthstate;4871;201;255;
PUT;http://localhost:8080/api1/healthstate;4479;201;255;
PUT;http://localhost:8080/api1/healthstate;4479;201;255;
PUT;http://localhost:8080/api1/healthstate;4606;201;255;
PUT;http://localhost:8080/api1/healthstate;4502;201;254;
PUT;http://localhost:8080/api1/healthstate;4445;201;253;
PUT;http://localhost:8080/api1/healthstate;4504;201;255;
PUT;http://localhost:8080/api1/healthstate;4446;201;253;
PUT;http://localhost:8080/api1/healthstate;4444;201;254;
PUT;http://localhost:8080/api1/healthstate;4510;201;255;
PUT;http://localhost:8080/api1/healthstate;4444;201;254;
PUT;http://localhost:8080/api1/healthstate;4223;201;255;
PUT;http://localhost:8080/api1/healthstate;4446;201;255;
